{
  "Data": {
    "Balance": {
      "AccountId": "22289",
      "Amount": {
        "Amount": "300.00",
        "Currency": "GBP"
      },
      "CreditDebitIndicator": "Credit",
      "Type": "InterimAvailable",
      "DateTime": "2017-04-05T10:43:07+00:00",
      "CreditLine": [
        {
          "Included": false,
          "Amount": {
            "Amount": "500.00",
            "Currency": "GBP"
          },
          "Type": "Available"
        },
        {
          "Included": false,
          "Amount": {
            "Amount": "500.00",
            "Currency": "GBP"
          },
          "Type": "Pre-Agreed"
        }
      ]
    }
  },
  "Links": {
    "Self": "https://api.alphabank.com/open-banking/v3.1/aisp/accounts/22289/balances/"
  },
  "Meta": {
    "TotalPages": 1
  }
}