{
  "Data": {
    "Transaction": [
      {
        "AccountId": "22289",
        "TransactionId": "123",
        "TransactionReference": "Ref 123",
        "Amount": {
          "Amount": "10.00",
          "Currency": "GBP"
        },
        "CreditDebitIndicator": "Credit",
        "Status": "Booked",
        "BookingDateTime": "2017-04-05T10:43:07+00:00",
        "ValueDateTime": "2017-04-05T10:45:22+00:00",
        "TransactionInformation": "Cash from Aubrey",
        "BankTransactionCode": {
          "Code": "ReceivedCreditTransfer",
          "SubCode": "DomesticCreditTransfer"
        },
        "ProprietaryBankTransactionCode": {
          "Code": "Transfer",
          "Issuer": "AlphaBank"
        },
        "Balance": {
          "Amount": {
            "Amount": "230.00",
            "Currency": "GBP"
          },
          "CreditDebitIndicator": "Credit",
          "Type": "InterimBooked"
        }
      },
      {
        "AccountId": "31820",
        "TransactionId": "567",
        "TransactionReference": "Ref 124",
        "Amount": {
          "Amount": "100.00",
          "Currency": "GBP"
        },
        "CreditDebitIndicator": "Debit",
        "Status": "Booked",
        "BookingDateTime": "2017-05-02T14:22:09+00:00",
        "ValueDateTime": "2017-05-02T14:22:09+00:00",
        "TransactionInformation": "Paid the gas bill",
        "AddressLine": "Coventry",
        "BankTransactionCode": {
          "Code": "IssuedCreditTransfer",
          "SubCode": "AutomaticTransfer"
        },
        "ProprietaryBankTransactionCode": {
          "Code": "DirectDebit",
          "Issuer": "AlphaBank"
        },
        "Balance": {
          "Amount": {
            "Amount": "57.36",
            "Currency": "GBP"
          },
          "CreditDebitIndicator": "Debit",
          "Type": "InterimBooked"
        }
      }
    ]
  },
  "Links": {
    "Self": "https://api.alphabank.com/open-banking/v3.1/aisp/transactions"
  },
  "Meta": {
    "TotalPages": 1,
	"FirstAvailableDateTime": "2017-05-03T00:00:00+00:00",
	"LastAvailableDateTime": "2017-12-03T00:00:00+00:00"
  }
}